,Date,PumpPriceP,PumpPriceD,DutyP,DutyD,VatP,VatD,inflation,adjusted
0,2006-01-02,88.03,92.27,47.1,47.1,17.5,17.5,2.2,88.03
1,2006-01-09,88.56,92.94,47.1,47.1,17.5,17.5,2.2,88.56
2,2006-01-16,89.01,93.19,47.1,47.1,17.5,17.5,2.2,89.01
3,2006-01-23,89.55,93.62,47.1,47.1,17.5,17.5,2.2,89.55
4,2006-01-30,89.88,93.93,47.1,47.1,17.5,17.5,2.2,89.88
5,2006-02-06,89.73,93.85,47.1,47.1,17.5,17.5,2.2,89.73
6,2006-02-13,89.65,93.77,47.1,47.1,17.5,17.5,2.2,89.65
7,2006-02-20,89.6,93.75,47.1,47.1,17.5,17.5,2.2,89.6
8,2006-02-27,89.51,93.69,47.1,47.1,17.5,17.5,2.2,89.51
9,2006-03-06,89.37,93.63,47.1,47.1,17.5,17.5,2.0,98.30700000000002
10,2006-03-13,89.55,93.85,47.1,47.1,17.5,17.5,2.0,98.50500000000001
11,2006-03-20,90.19,94.42,47.1,47.1,17.5,17.5,2.0,99.209
12,2006-03-27,91.16,94.95,47.1,47.1,17.5,17.5,2.0,100.27600000000001
13,2006-04-03,91.78,95.64,47.1,47.1,17.5,17.5,2.2,91.78
14,2006-04-10,92.77,96.4,47.1,47.1,17.5,17.5,2.2,92.77
15,2006-04-18,94.23,97.64,47.1,47.1,17.5,17.5,2.2,94.23
16,2006-04-24,95.35,98.5,47.1,47.1,17.5,17.5,2.2,95.35
17,2006-05-01,96.13,98.9,47.1,47.1,17.5,17.5,2.4,88.11916666666667
18,2006-05-08,96.46,98.9,47.1,47.1,17.5,17.5,2.4,88.42166666666667
19,2006-05-15,96.39,98.74,47.1,47.1,17.5,17.5,2.4,88.3575
20,2006-05-22,96.1,98.5,47.1,47.1,17.5,17.5,2.4,88.09166666666667
21,2006-05-29,95.36,97.69,47.1,47.1,17.5,17.5,2.4,87.41333333333334
22,2006-06-05,95.24,97.55,47.1,47.1,17.5,17.5,2.6,80.58769230769231
23,2006-06-12,95.49,97.75,47.1,47.1,17.5,17.5,2.6,80.79923076923076
24,2006-06-19,95.44,97.77,47.1,47.1,17.5,17.5,2.6,80.75692307692307
25,2006-06-26,94.97,97.36,47.1,47.1,17.5,17.5,2.6,80.35923076923076
26,2006-07-03,95.27,97.6,47.1,47.1,17.5,17.5,2.5,83.83760000000001
27,2006-07-10,95.69,97.99,47.1,47.1,17.5,17.5,2.5,84.20720000000001
28,2006-07-17,96.88,98.74,47.1,47.1,17.5,17.5,2.5,85.2544
29,2006-07-24,97.78,99.41,47.1,47.1,17.5,17.5,2.5,86.0464
30,2006-07-31,97.83,99.41,47.1,47.1,17.5,17.5,2.5,86.09040000000002
31,2006-08-07,98.05,99.57,47.1,47.1,17.5,17.5,2.6,82.96538461538461
32,2006-08-14,97.82,99.45,47.1,47.1,17.5,17.5,2.6,82.77076923076922
33,2006-08-21,95.74,97.93,47.1,47.1,17.5,17.5,2.6,81.01076923076923
34,2006-08-28,94.4,96.67,47.1,47.1,17.5,17.5,2.6,79.87692307692308
35,2006-09-04,92.88,95.92,47.1,47.1,17.5,17.5,2.5,81.73440000000001
36,2006-09-11,91.48,95.34,47.1,47.1,17.5,17.5,2.5,80.50240000000001
37,2006-09-18,89.78,94.95,47.1,47.1,17.5,17.5,2.5,79.00640000000001
38,2006-09-25,88.2,93.51,47.1,47.1,17.5,17.5,2.5,77.61600000000001
39,2006-10-02,86.95,92.13,47.1,47.1,17.5,17.5,2.5,76.51600000000002
40,2006-10-09,86.6,91.74,47.1,47.1,17.5,17.5,2.5,76.208
41,2006-10-16,85.91,91.59,47.1,47.1,17.5,17.5,2.5,75.6008
42,2006-10-23,85.74,91.22,47.1,47.1,17.5,17.5,2.5,75.4512
43,2006-10-30,85.6,91.17,47.1,47.1,17.5,17.5,2.5,75.328
44,2006-11-06,85.54,91.12,47.1,47.1,17.5,17.5,2.8,67.21000000000001
45,2006-11-13,85.49,91.15,47.1,47.1,17.5,17.5,2.8,67.1707142857143
46,2006-11-20,85.45,91.17,47.1,47.1,17.5,17.5,2.8,67.13928571428572
47,2006-11-27,85.47,91.17,47.1,47.1,17.5,17.5,2.8,67.155
48,2006-12-04,85.46,91.5,47.1,47.1,17.5,17.5,2.9,64.83172413793103
49,2006-12-11,87.44,92.96,48.35,48.35,17.5,17.5,2.9,66.33379310344829
50,2006-12-18,87.7,93.26,48.35,48.35,17.5,17.5,2.9,66.53103448275863
51,2006-12-25,87.9,93.41,48.35,48.35,17.5,17.5,2.9,66.68275862068967
52,2007-01-01,87.85,93.4,48.35,48.35,17.5,17.5,2.7,71.58148148148149
53,2007-01-08,87.66,93.11,48.35,48.35,17.5,17.5,2.7,71.42666666666668
54,2007-01-15,87.1,91.55,48.35,48.35,17.5,17.5,2.7,70.97037037037038
55,2007-01-22,86.28,90.45,48.35,48.35,17.5,17.5,2.7,70.30222222222223
56,2007-01-29,85.66,89.7,48.35,48.35,17.5,17.5,2.7,69.79703703703704
57,2007-02-05,85.62,89.63,48.35,48.35,17.5,17.5,2.7,69.76444444444445
58,2007-02-12,86.12,90.11,48.35,48.35,17.5,17.5,2.7,70.17185185185186
59,2007-02-19,86.6,90.55,48.35,48.35,17.5,17.5,2.7,70.56296296296297
60,2007-02-26,87.07,91.02,48.35,48.35,17.5,17.5,2.7,70.94592592592592
61,2007-03-05,87.74,91.59,48.35,48.35,17.5,17.5,2.9,66.56137931034483
62,2007-03-12,88.48,92.17,48.35,48.35,17.5,17.5,2.9,67.12275862068967
63,2007-03-19,88.93,92.61,48.35,48.35,17.5,17.5,2.9,67.4641379310345
64,2007-03-26,89.32,92.91,48.35,48.35,17.5,17.5,2.9,67.76
65,2007-04-02,90.47,93.9,48.35,48.35,17.5,17.5,2.7,73.7162962962963
66,2007-04-10,91.18,94.33,48.35,48.35,17.5,17.5,2.7,74.29481481481483
67,2007-04-16,91.99,94.86,48.35,48.35,17.5,17.5,2.7,74.95481481481481
68,2007-04-23,92.93,95.39,48.35,48.35,17.5,17.5,2.7,75.72074074074075
69,2007-04-30,93.45,95.71,48.35,48.35,17.5,17.5,2.7,76.14444444444446
70,2007-05-07,94.43,96.12,48.35,48.35,17.5,17.5,2.5,83.09840000000001
71,2007-05-14,95.07,96.47,48.35,48.35,17.5,17.5,2.5,83.6616
72,2007-05-21,95.71,96.69,48.35,48.35,17.5,17.5,2.5,84.2248
73,2007-05-28,96.16,96.99,48.35,48.35,17.5,17.5,2.5,84.6208
74,2007-06-04,96.51,97.19,48.35,48.35,17.5,17.5,2.5,84.92880000000001
75,2007-06-11,96.61,97.2,48.35,48.35,17.5,17.5,2.5,85.01680000000002
76,2007-06-18,96.56,97.11,48.35,48.35,17.5,17.5,2.5,84.9728
77,2007-06-25,96.54,97.12,48.35,48.35,17.5,17.5,2.5,84.95520000000002
78,2007-07-02,96.36,96.89,48.35,48.35,17.5,17.5,2.0,105.99600000000001
79,2007-07-09,96.2,96.78,48.35,48.35,17.5,17.5,2.0,105.82000000000001
80,2007-07-16,96.21,96.79,48.35,48.35,17.5,17.5,2.0,105.831
81,2007-07-23,96.23,96.83,48.35,48.35,17.5,17.5,2.0,105.85300000000001
82,2007-07-30,96.2,96.77,48.35,48.35,17.5,17.5,2.0,105.82000000000001
83,2007-08-06,96.15,96.72,48.35,48.35,17.5,17.5,2.0,105.76500000000001
84,2007-08-13,96.0,96.7,48.35,48.35,17.5,17.5,2.0,105.60000000000001
85,2007-08-20,95.31,96.59,48.35,48.35,17.5,17.5,2.0,104.84100000000001
86,2007-08-27,95.0,96.37,48.35,48.35,17.5,17.5,2.0,104.50000000000001
87,2007-09-03,94.8,96.37,48.35,48.35,17.5,17.5,2.0,104.28
88,2007-09-10,94.63,96.34,48.35,48.35,17.5,17.5,2.0,104.093
89,2007-09-17,94.65,96.45,48.35,48.35,17.5,17.5,2.0,104.11500000000001
90,2007-09-24,94.91,96.9,48.35,48.35,17.5,17.5,2.0,104.40100000000001
91,2007-10-01,96.39,98.51,50.35,50.35,17.5,17.5,2.3,92.19913043478262
92,2007-10-08,97.14,99.1,50.35,50.35,17.5,17.5,2.3,92.91652173913045
93,2007-10-15,97.19,99.18,50.35,50.35,17.5,17.5,2.3,92.96434782608696
94,2007-10-22,97.81,99.89,50.35,50.35,17.5,17.5,2.3,93.55739130434785
95,2007-10-29,98.26,100.69,50.35,50.35,17.5,17.5,2.3,93.98782608695655
96,2007-11-05,99.36,102.16,50.35,50.35,17.5,17.5,2.2,99.36
97,2007-11-12,100.74,104.17,50.35,50.35,17.5,17.5,2.2,100.74
98,2007-11-19,101.47,105.28,50.35,50.35,17.5,17.5,2.2,101.47
99,2007-11-26,102.13,106.25,50.35,50.35,17.5,17.5,2.2,102.13
100,2007-12-03,102.58,107.19,50.35,50.35,17.5,17.5,2.3,98.12000000000002
101,2007-12-10,102.67,107.47,50.35,50.35,17.5,17.5,2.3,98.20608695652176
102,2007-12-17,102.6,107.56,50.35,50.35,17.5,17.5,2.3,98.13913043478261
103,2007-12-24,102.53,107.5,50.35,50.35,17.5,17.5,2.3,98.0721739130435
104,2007-12-31,102.66,107.61,50.35,50.35,17.5,17.5,2.3,98.19652173913045
105,2008-01-07,103.37,108.29,50.35,50.35,17.5,17.5,2.4,94.75583333333334
106,2008-01-14,103.82,108.77,50.35,50.35,17.5,17.5,2.4,95.16833333333334
107,2008-01-21,104.22,109.09,50.35,50.35,17.5,17.5,2.4,95.53500000000001
108,2008-01-28,104.22,109.11,50.35,50.35,17.5,17.5,2.4,95.53500000000001
109,2008-02-04,104.03,108.99,50.35,50.35,17.5,17.5,2.6,88.02538461538461
110,2008-02-11,103.67,108.86,50.35,50.35,17.5,17.5,2.6,87.72076923076924
111,2008-02-18,103.7,108.99,50.35,50.35,17.5,17.5,2.6,87.74615384615385
112,2008-02-25,104.65,110.21,50.35,50.35,17.5,17.5,2.6,88.55
113,2008-03-03,105.24,110.9,50.35,50.35,17.5,17.5,2.6,89.04923076923076
114,2008-03-10,105.96,112.23,50.35,50.35,17.5,17.5,2.6,89.65846153846154
115,2008-03-17,106.41,113.08,50.35,50.35,17.5,17.5,2.6,90.03923076923077
116,2008-03-24,106.9,114.4,50.35,50.35,17.5,17.5,2.6,90.45384615384616
117,2008-03-31,107.1,114.79,50.35,50.35,17.5,17.5,2.6,90.62307692307692
118,2008-04-07,107.24,115.47,50.35,50.35,17.5,17.5,3.0,78.64266666666667
119,2008-04-14,107.61,116.51,50.35,50.35,17.5,17.5,3.0,78.914
120,2008-04-21,108.57,118.06,50.35,50.35,17.5,17.5,3.0,79.618
121,2008-04-28,109.5,119.1,50.35,50.35,17.5,17.5,3.0,80.30000000000001
122,2008-05-05,110.3,120.37,50.35,50.35,17.5,17.5,3.3,73.53333333333335
123,2008-05-12,111.04,121.49,50.35,50.35,17.5,17.5,3.3,74.02666666666669
124,2008-05-19,112.96,124.5,50.35,50.35,17.5,17.5,3.3,75.30666666666667
125,2008-05-26,114.79,127.21,50.35,50.35,17.5,17.5,3.3,76.52666666666669
126,2008-06-02,116.03,128.82,50.35,50.35,17.5,17.5,3.7,68.99081081081081
127,2008-06-09,116.86,129.68,50.35,50.35,17.5,17.5,3.7,69.48432432432433
128,2008-06-16,117.69,130.66,50.35,50.35,17.5,17.5,3.7,69.97783783783784
129,2008-06-23,118.44,131.45,50.35,50.35,17.5,17.5,3.7,70.42378378378379
130,2008-06-30,118.84,132.03,50.35,50.35,17.5,17.5,3.7,70.66162162162163
131,2008-07-07,119.28,132.55,50.35,50.35,17.5,17.5,4.2,62.480000000000004
132,2008-07-14,119.44,132.87,50.35,50.35,17.5,17.5,4.2,62.563809523809525
133,2008-07-21,119.4,132.89,50.35,50.35,17.5,17.5,4.2,62.54285714285715
134,2008-07-28,116.91,130.71,50.35,50.35,17.5,17.5,4.2,61.23857142857143
135,2008-08-04,115.06,128.19,50.35,50.35,17.5,17.5,4.4,57.53
136,2008-08-11,113.92,126.2,50.35,50.35,17.5,17.5,4.4,56.96
137,2008-08-18,112.22,124.1,50.35,50.35,17.5,17.5,4.4,56.11
138,2008-08-25,112.02,123.74,50.35,50.35,17.5,17.5,4.4,56.01
139,2008-09-01,112.2,123.89,50.35,50.35,17.5,17.5,4.8,51.425000000000004
140,2008-09-08,112.55,124.2,50.35,50.35,17.5,17.5,4.8,51.58541666666667
141,2008-09-15,112.51,124.14,50.35,50.35,17.5,17.5,4.8,51.56708333333334
142,2008-09-22,110.81,122.61,50.35,50.35,17.5,17.5,4.8,50.787916666666675
143,2008-09-29,109.85,121.65,50.35,50.35,17.5,17.5,4.8,50.34791666666667
144,2008-10-06,109.45,121.14,50.35,50.35,17.5,17.5,4.2,57.33095238095238
145,2008-10-13,107.04,118.42,50.35,50.35,17.5,17.5,4.2,56.06857142857143
146,2008-10-20,102.66,114.31,50.35,50.35,17.5,17.5,4.2,53.77428571428572
147,2008-10-27,98.62,111.01,50.35,50.35,17.5,17.5,4.2,51.65809523809524
148,2008-11-03,97.4,109.87,50.35,50.35,17.5,17.5,3.8,56.38947368421053
149,2008-11-10,95.89,109.13,50.35,50.35,17.5,17.5,3.8,55.515263157894736
150,2008-11-17,94.83,108.73,50.35,50.35,17.5,17.5,3.8,54.90157894736842
151,2008-11-24,92.79,107.78,50.35,50.35,17.5,17.5,3.8,53.72052631578948
152,2008-12-01,91.47,106.56,52.35,52.35,15.0,15.0,3.0,67.078
153,2008-12-08,90.16,104.87,52.35,52.35,15.0,15.0,3.0,66.11733333333333
154,2008-12-15,89.07,101.24,52.35,52.35,15.0,15.0,3.0,65.318
155,2008-12-22,88.01,99.94,52.35,52.35,15.0,15.0,3.0,64.54066666666668
156,2008-12-29,87.34,99.17,52.35,52.35,15.0,15.0,3.0,64.04933333333334
157,2009-01-05,85.42,97.57,52.35,52.35,15.0,15.0,2.9,64.80137931034484
158,2009-01-12,86.02,98.32,52.35,52.35,15.0,15.0,2.9,65.25655172413794
159,2009-01-19,86.19,98.45,52.35,52.35,15.0,15.0,2.9,65.38551724137932
160,2009-01-26,87.42,99.39,52.35,52.35,15.0,15.0,2.9,66.31862068965518
161,2009-02-02,88.16,99.82,52.35,52.35,15.0,15.0,3.1,62.56516129032258
162,2009-02-09,89.28,100.31,52.35,52.35,15.0,15.0,3.1,63.36000000000001
163,2009-02-16,90.12,100.86,52.35,52.35,15.0,15.0,3.1,63.95612903225807
164,2009-02-23,90.33,100.81,52.35,52.35,15.0,15.0,3.1,64.10516129032258
165,2009-03-02,90.28,100.64,52.35,52.35,15.0,15.0,2.8,70.93428571428572
166,2009-03-09,90.15,100.03,52.35,52.35,15.0,15.0,2.8,70.83214285714287
167,2009-03-16,90.16,100.0,52.35,52.35,15.0,15.0,2.8,70.84
168,2009-03-23,90.16,99.52,52.35,52.35,15.0,15.0,2.8,70.84
169,2009-03-30,91.35,99.98,52.35,52.35,15.0,15.0,2.8,71.775
170,2009-04-06,93.72,102.14,54.19,54.19,15.0,15.0,2.3,89.64521739130436
171,2009-04-13,94.11,102.44,54.19,54.19,15.0,15.0,2.3,90.01826086956522
172,2009-04-20,94.62,102.71,54.19,54.19,15.0,15.0,2.3,90.50608695652176
173,2009-04-27,95.13,102.83,54.19,54.19,15.0,15.0,2.3,90.99391304347827
174,2009-05-04,95.6,102.8,54.19,54.19,15.0,15.0,2.1,100.15238095238095
175,2009-05-11,96.59,103.1,54.19,54.19,15.0,15.0,2.1,101.18952380952382
176,2009-05-18,97.54,103.37,54.19,54.19,15.0,15.0,2.1,102.18476190476191
177,2009-05-25,98.9,103.55,54.19,54.19,15.0,15.0,2.1,103.60952380952382
178,2009-06-01,99.39,103.55,54.19,54.19,15.0,15.0,1.7,128.62235294117647
179,2009-06-08,100.59,103.78,54.19,54.19,15.0,15.0,1.7,130.17529411764707
180,2009-06-15,101.98,104.5,54.19,54.19,15.0,15.0,1.7,131.97411764705885
181,2009-06-22,102.81,104.92,54.19,54.19,15.0,15.0,1.7,133.04823529411766
182,2009-06-29,103.3,105.05,54.19,54.19,15.0,15.0,1.7,133.68235294117648
183,2009-07-06,103.57,105.11,54.19,54.19,15.0,15.0,1.6,142.40875
184,2009-07-13,102.78,104.04,54.19,54.19,15.0,15.0,1.6,141.3225
185,2009-07-20,102.22,102.99,54.19,54.19,15.0,15.0,1.6,140.5525
186,2009-07-27,102.17,102.91,54.19,54.19,15.0,15.0,1.6,140.48375000000001
187,2009-08-03,102.36,103.2,54.19,54.19,15.0,15.0,1.4,160.85142857142858
188,2009-08-10,103.01,103.79,54.19,54.19,15.0,15.0,1.4,161.87285714285716
189,2009-08-17,103.96,104.45,54.19,54.19,15.0,15.0,1.4,163.3657142857143
190,2009-08-24,104.7,105.11,54.19,54.19,15.0,15.0,1.4,164.52857142857144
191,2009-08-31,105.11,105.5,54.19,54.19,15.0,15.0,1.4,165.17285714285717
192,2009-09-07,106.85,107.3,56.19,56.19,15.0,15.0,1.0,235.07
193,2009-09-14,106.43,107.09,56.19,56.19,15.0,15.0,1.0,234.14600000000004
194,2009-09-21,105.96,106.79,56.19,56.19,15.0,15.0,1.0,233.112
195,2009-09-28,105.44,106.39,56.19,56.19,15.0,15.0,1.0,231.96800000000002
196,2009-10-05,104.87,105.85,56.19,56.19,15.0,15.0,1.2,192.26166666666668
197,2009-10-12,104.71,105.69,56.19,56.19,15.0,15.0,1.2,191.96833333333333
198,2009-10-19,105.08,106.28,56.19,56.19,15.0,15.0,1.2,192.64666666666668
199,2009-10-26,106.76,107.78,56.19,56.19,15.0,15.0,1.2,195.7266666666667
200,2009-11-02,107.43,108.51,56.19,56.19,15.0,15.0,1.5,157.56400000000002
201,2009-11-09,108.1,109.35,56.19,56.19,15.0,15.0,1.5,158.54666666666668
202,2009-11-16,108.48,109.65,56.19,56.19,15.0,15.0,1.5,159.104
203,2009-11-23,108.73,109.87,56.19,56.19,15.0,15.0,1.5,159.4706666666667
204,2009-11-30,108.79,109.99,56.19,56.19,15.0,15.0,1.5,159.55866666666668
205,2009-12-07,108.64,109.87,56.19,56.19,15.0,15.0,2.1,113.81333333333333
206,2009-12-14,108.5,109.57,56.19,56.19,15.0,15.0,2.1,113.66666666666667
207,2009-12-21,107.47,109.13,56.19,56.19,15.0,15.0,2.1,112.58761904761906
208,2009-12-28,107.44,109.17,56.19,56.19,15.0,15.0,2.1,112.55619047619048
209,2010-01-04,109.34,111.08,56.19,56.19,17.5,17.5,2.6,92.51846153846154
210,2010-01-11,110.72,112.59,56.19,56.19,17.5,17.5,2.6,93.68615384615384
211,2010-01-18,111.6,113.39,56.19,56.19,17.5,17.5,2.6,94.43076923076923
212,2010-01-25,111.87,113.71,56.19,56.19,17.5,17.5,2.6,94.65923076923077
213,2010-02-01,111.91,113.75,56.19,56.19,17.5,17.5,2.1,117.23904761904762
214,2010-02-08,111.95,113.79,56.19,56.19,17.5,17.5,2.1,117.28095238095239
215,2010-02-15,111.89,113.68,56.19,56.19,17.5,17.5,2.1,117.21809523809524
216,2010-02-22,111.56,112.76,56.19,56.19,17.5,17.5,2.1,116.87238095238096
217,2010-03-01,112.42,113.41,56.19,56.19,17.5,17.5,2.4,103.05166666666668
218,2010-03-08,113.71,114.68,56.19,56.19,17.5,17.5,2.4,104.23416666666667
219,2010-03-15,115.46,116.21,56.19,56.19,17.5,17.5,2.4,105.83833333333334
220,2010-03-22,116.59,117.28,56.19,56.19,17.5,17.5,2.4,106.87416666666668
221,2010-03-29,117.28,118.21,56.19,56.19,17.5,17.5,2.4,107.50666666666667
222,2010-04-05,119.29,120.09,57.19,57.19,17.5,17.5,2.7,97.19925925925928
223,2010-04-12,119.94,121.11,57.19,57.19,17.5,17.5,2.7,97.72888888888889
224,2010-04-19,120.55,121.74,57.19,57.19,17.5,17.5,2.7,98.22592592592594
225,2010-04-26,120.99,122.31,57.19,57.19,17.5,17.5,2.7,98.58444444444444
226,2010-05-03,121.18,122.68,57.19,57.19,17.5,17.5,2.5,106.63840000000002
227,2010-05-10,121.31,122.82,57.19,57.19,17.5,17.5,2.5,106.75280000000002
228,2010-05-17,121.3,122.83,57.19,57.19,17.5,17.5,2.5,106.74400000000001
229,2010-05-24,119.93,121.92,57.19,57.19,17.5,17.5,2.5,105.53840000000002
230,2010-05-31,118.54,120.76,57.19,57.19,17.5,17.5,2.5,104.31520000000002
231,2010-06-07,118.2,120.4,57.19,57.19,17.5,17.5,2.4,108.35000000000001
232,2010-06-14,117.87,120.21,57.19,57.19,17.5,17.5,2.4,108.04750000000001
233,2010-06-21,117.8,120.39,57.19,57.19,17.5,17.5,2.4,107.98333333333333
234,2010-06-28,117.88,120.38,57.19,57.19,17.5,17.5,2.4,108.05666666666667
235,2010-07-05,117.91,120.44,57.19,57.19,17.5,17.5,2.3,112.78347826086957
236,2010-07-12,117.39,119.78,57.19,57.19,17.5,17.5,2.3,112.28608695652176
237,2010-07-19,116.85,119.24,57.19,57.19,17.5,17.5,2.3,111.76956521739132
238,2010-07-26,116.61,119.03,57.19,57.19,17.5,17.5,2.3,111.54000000000002
239,2010-08-02,116.51,119.03,57.19,57.19,17.5,17.5,2.4,106.80083333333334
240,2010-08-09,116.35,118.94,57.19,57.19,17.5,17.5,2.4,106.65416666666667
241,2010-08-16,116.34,118.79,57.19,57.19,17.5,17.5,2.4,106.64500000000001
242,2010-08-23,115.64,117.9,57.19,57.19,17.5,17.5,2.4,106.00333333333334
243,2010-08-30,114.98,117.37,57.19,57.19,17.5,17.5,2.4,105.39833333333334
244,2010-09-06,114.59,117.09,57.19,57.19,17.5,17.5,2.4,105.04083333333334
245,2010-09-13,114.66,117.17,57.19,57.19,17.5,17.5,2.4,105.105
246,2010-09-20,115.06,117.72,57.19,57.19,17.5,17.5,2.4,105.47166666666668
247,2010-09-27,115.39,118.11,57.19,57.19,17.5,17.5,2.4,105.77416666666667
248,2010-10-04,116.01,118.97,58.19,58.19,17.5,17.5,2.5,102.08880000000002
249,2010-10-11,116.78,119.77,58.19,58.19,17.5,17.5,2.5,102.76640000000002
250,2010-10-18,117.28,120.6,58.19,58.19,17.5,17.5,2.5,103.20640000000002
251,2010-10-25,117.74,121.17,58.19,58.19,17.5,17.5,2.5,103.61120000000001
252,2010-11-01,118.18,121.66,58.19,58.19,17.5,17.5,2.6,99.99846153846154
253,2010-11-08,118.67,122.19,58.19,58.19,17.5,17.5,2.6,100.41307692307693
254,2010-11-15,118.8,122.51,58.19,58.19,17.5,17.5,2.6,100.52307692307691
255,2010-11-22,118.99,122.74,58.19,58.19,17.5,17.5,2.6,100.68384615384615
256,2010-11-29,119.21,123.2,58.19,58.19,17.5,17.5,2.6,100.86999999999999
257,2010-12-06,120.54,124.62,58.19,58.19,17.5,17.5,3.1,85.54451612903226
258,2010-12-13,121.68,125.77,58.19,58.19,17.5,17.5,3.1,86.35354838709678
259,2010-12-20,122.31,126.52,58.19,58.19,17.5,17.5,3.1,86.80064516129033
260,2010-12-27,123.44,127.68,58.19,58.19,17.5,17.5,3.1,87.6025806451613
261,2011-01-03,124.85,129.11,58.95,58.95,17.5,17.5,3.4,80.78529411764706
262,2011-01-10,127.4,131.6,58.95,58.95,20.0,20.0,3.4,82.43529411764706
263,2011-01-17,127.87,132.33,58.95,58.95,20.0,20.0,3.4,82.73941176470589
264,2011-01-24,128.35,133.0,58.95,58.95,20.0,20.0,3.4,83.05
265,2011-01-31,128.55,133.25,58.95,58.95,20.0,20.0,3.4,83.17941176470589
266,2011-02-07,128.64,133.47,58.95,58.95,20.0,20.0,3.7,76.48864864864865
267,2011-02-14,128.73,133.71,58.95,58.95,20.0,20.0,3.7,76.54216216216216
268,2011-02-21,128.92,134.04,58.95,58.95,20.0,20.0,3.7,76.65513513513513
269,2011-02-28,129.72,135.06,58.95,58.95,20.0,20.0,3.7,77.13081081081081
270,2011-03-07,131.28,136.9,58.95,58.95,20.0,20.0,3.5,82.51885714285716
271,2011-03-14,132.18,138.25,58.95,58.95,20.0,20.0,3.5,83.08457142857145
272,2011-03-21,133.11,139.53,58.95,58.95,20.0,20.0,3.5,83.66914285714287
273,2011-03-28,132.44,139.04,57.95,57.95,20.0,20.0,3.5,83.248
274,2011-04-04,132.81,139.46,57.95,57.95,20.0,20.0,3.8,76.89
275,2011-04-11,133.68,140.33,57.95,57.95,20.0,20.0,3.8,77.39368421052632
276,2011-04-18,135.06,141.34,57.95,57.95,20.0,20.0,3.8,78.19263157894737
277,2011-04-25,135.62,142.11,57.95,57.95,20.0,20.0,3.8,78.51684210526317
278,2011-05-02,136.29,142.53,57.95,57.95,20.0,20.0,3.8,78.90473684210527
279,2011-05-09,137.05,143.06,57.95,57.95,20.0,20.0,3.8,79.34473684210528
280,2011-05-16,136.4,141.5,57.95,57.95,20.0,20.0,3.8,78.96842105263158
281,2011-05-23,136.11,140.77,57.95,57.95,20.0,20.0,3.8,78.80052631578948
282,2011-05-30,135.57,139.81,57.95,57.95,20.0,20.0,3.8,78.48789473684211
283,2011-06-06,135.62,139.58,57.95,57.95,20.0,20.0,3.6,82.8788888888889
284,2011-06-13,135.86,139.77,57.95,57.95,20.0,20.0,3.6,83.02555555555557
285,2011-06-20,136.03,140.05,57.95,57.95,20.0,20.0,3.6,83.12944444444445
286,2011-06-27,134.86,138.77,57.95,57.95,20.0,20.0,3.6,82.41444444444446
287,2011-07-04,133.43,137.7,57.95,57.95,20.0,20.0,3.8,77.24894736842106
288,2011-07-11,134.18,138.4,57.95,57.95,20.0,20.0,3.8,77.68315789473685
289,2011-07-18,134.97,139.36,57.95,57.95,20.0,20.0,3.8,78.14052631578947
290,2011-07-25,135.66,139.95,57.95,57.95,20.0,20.0,3.8,78.54
291,2011-08-01,136.07,140.55,57.95,57.95,20.0,20.0,3.9,76.75743589743591
292,2011-08-08,136.46,140.84,57.95,57.95,20.0,20.0,3.9,76.97743589743591
293,2011-08-15,135.95,140.36,57.95,57.95,20.0,20.0,3.9,76.6897435897436
294,2011-08-22,134.56,139.04,57.95,57.95,20.0,20.0,3.9,75.90564102564105
295,2011-08-29,134.32,138.72,57.95,57.95,20.0,20.0,3.9,75.77025641025642
296,2011-09-05,134.62,138.96,57.95,57.95,20.0,20.0,4.5,65.81422222222223
297,2011-09-12,135.0,139.4,57.95,57.95,20.0,20.0,4.5,66.0
298,2011-09-19,135.4,139.86,57.95,57.95,20.0,20.0,4.5,66.19555555555556
299,2011-09-26,135.65,140.14,57.95,57.95,20.0,20.0,4.5,66.31777777777779
300,2011-10-03,135.02,139.77,57.95,57.95,20.0,20.0,4.3,69.08000000000001
301,2011-10-10,134.47,139.52,57.95,57.95,20.0,20.0,4.3,68.79860465116279
302,2011-10-17,134.49,139.73,57.95,57.95,20.0,20.0,4.3,68.80883720930234
303,2011-10-24,134.66,140.19,57.95,57.95,20.0,20.0,4.3,68.89581395348837
304,2011-10-31,134.73,140.27,57.95,57.95,20.0,20.0,4.3,68.93162790697674
305,2011-11-07,134.41,140.42,57.95,57.95,20.0,20.0,4.1,72.12243902439026
306,2011-11-14,133.68,140.53,57.95,57.95,20.0,20.0,4.1,71.73073170731709
307,2011-11-21,133.38,141.06,57.95,57.95,20.0,20.0,4.1,71.569756097561
308,2011-11-28,133.17,141.1,57.95,57.95,20.0,20.0,4.1,71.45707317073172
309,2011-12-05,132.78,140.99,57.95,57.95,20.0,20.0,3.7,78.95027027027028
310,2011-12-12,132.53,140.95,57.95,57.95,20.0,20.0,3.7,78.80162162162162
311,2011-12-19,132.49,140.93,57.95,57.95,20.0,20.0,3.7,78.77783783783785
312,2011-12-26,132.41,140.77,57.95,57.95,20.0,20.0,3.7,78.73027027027027
313,2012-01-02,132.4,140.84,57.95,57.95,20.0,20.0,3.2,91.025
314,2012-01-09,132.68,141.0,57.95,57.95,20.0,20.0,3.2,91.2175
315,2012-01-16,133.29,141.69,57.95,57.95,20.0,20.0,3.2,91.63687499999999
316,2012-01-23,133.72,142.06,57.95,57.95,20.0,20.0,3.2,91.9325
317,2012-01-30,134.1,142.45,57.95,57.95,20.0,20.0,3.2,92.19375
318,2012-02-06,134.25,142.24,57.95,57.95,20.0,20.0,3.1,95.2741935483871
319,2012-02-13,134.9,142.83,57.95,57.95,20.0,20.0,3.1,95.73548387096776
320,2012-02-20,135.21,143.15,57.95,57.95,20.0,20.0,3.1,95.95548387096775
321,2012-02-27,136.21,143.92,57.95,57.95,20.0,20.0,3.1,96.66516129032259
322,2012-03-05,137.3,144.71,57.95,57.95,20.0,20.0,3.1,97.43870967741937
323,2012-03-12,137.9,145.15,57.95,57.95,20.0,20.0,3.1,97.86451612903227
324,2012-03-19,138.96,146.16,57.95,57.95,20.0,20.0,3.1,98.6167741935484
325,2012-03-26,139.48,146.56,57.95,57.95,20.0,20.0,3.1,98.9858064516129
326,2012-04-02,140.99,147.68,57.95,57.95,20.0,20.0,2.8,110.77785714285716
327,2012-04-09,141.97,148.0,57.95,57.95,20.0,20.0,2.8,111.54785714285715
328,2012-04-16,142.17,148.04,57.95,57.95,20.0,20.0,2.8,111.705
329,2012-04-23,141.76,147.96,57.95,57.95,20.0,20.0,2.8,111.38285714285715
330,2012-04-30,141.0,147.05,57.95,57.95,20.0,20.0,2.8,110.7857142857143
331,2012-05-07,140.14,146.4,57.95,57.95,20.0,20.0,2.5,123.3232
332,2012-05-14,138.29,144.52,57.95,57.95,20.0,20.0,2.5,121.69520000000001
333,2012-05-21,135.77,141.75,57.95,57.95,20.0,20.0,2.5,119.47760000000002
334,2012-05-28,134.37,140.49,57.95,57.95,20.0,20.0,2.5,118.24560000000002
335,2012-06-04,134.06,139.96,57.95,57.95,20.0,20.0,2.3,128.2313043478261
336,2012-06-11,133.67,139.58,57.95,57.95,20.0,20.0,2.3,127.85826086956523
337,2012-06-18,131.99,137.71,57.95,57.95,20.0,20.0,2.3,126.25130434782612
338,2012-06-25,131.55,137.2,57.95,57.95,20.0,20.0,2.3,125.83043478260872
339,2012-07-02,130.5,135.91,57.95,57.95,20.0,20.0,2.4,119.62500000000001
340,2012-07-09,131.06,136.44,57.95,57.95,20.0,20.0,2.4,120.13833333333335
341,2012-07-16,131.49,136.85,57.95,57.95,20.0,20.0,2.4,120.53250000000001
342,2012-07-23,132.21,137.72,57.95,57.95,20.0,20.0,2.4,121.19250000000002
343,2012-07-30,132.78,138.25,57.95,57.95,20.0,20.0,2.4,121.71500000000002
344,2012-08-06,133.39,138.79,57.95,57.95,20.0,20.0,2.3,127.5904347826087
345,2012-08-13,134.27,139.46,57.95,57.95,20.0,20.0,2.3,128.4321739130435
346,2012-08-20,135.72,140.79,57.95,57.95,20.0,20.0,2.3,129.81913043478264
347,2012-08-27,137.1,142.17,57.95,57.95,20.0,20.0,2.3,131.13913043478263
348,2012-09-03,138.03,142.87,57.95,57.95,20.0,20.0,2.1,144.60285714285715
349,2012-09-10,138.91,143.66,57.95,57.95,20.0,20.0,2.1,145.5247619047619
350,2012-09-17,139.42,144.18,57.95,57.95,20.0,20.0,2.1,146.05904761904762
351,2012-09-24,139.54,144.36,57.95,57.95,20.0,20.0,2.1,146.1847619047619
352,2012-10-01,138.43,143.28,57.95,57.95,20.0,20.0,2.4,126.89416666666668
353,2012-10-08,138.24,143.05,57.95,57.95,20.0,20.0,2.4,126.72000000000001
354,2012-10-15,138.35,143.23,57.95,57.95,20.0,20.0,2.4,126.82083333333334
355,2012-10-22,138.29,143.23,57.95,57.95,20.0,20.0,2.4,126.76583333333333
356,2012-10-29,136.98,143.0,57.95,57.95,20.0,20.0,2.4,125.565
357,2012-11-05,136.43,142.75,57.95,57.95,20.0,20.0,2.4,125.06083333333335
358,2012-11-12,135.09,141.74,57.95,57.95,20.0,20.0,2.4,123.83250000000001
359,2012-11-19,134.56,141.33,57.95,57.95,20.0,20.0,2.4,123.34666666666668
360,2012-11-26,134.38,141.13,57.95,57.95,20.0,20.0,2.4,123.18166666666667
361,2012-12-03,133.05,140.91,57.95,57.95,20.0,20.0,2.4,121.96250000000002
362,2012-12-10,132.55,140.76,57.95,57.95,20.0,20.0,2.4,121.50416666666669
363,2012-12-17,131.98,140.08,57.95,57.95,20.0,20.0,2.4,120.98166666666667
364,2012-12-24,131.95,139.84,57.95,57.95,20.0,20.0,2.4,120.95416666666667
365,2012-12-31,131.92,139.81,57.95,57.95,20.0,20.0,2.4,120.92666666666666
366,2013-01-07,131.86,139.75,57.95,57.95,20.0,20.0,2.4,120.87166666666668
367,2013-01-14,132.0,139.68,57.95,57.95,20.0,20.0,2.4,121.00000000000001
368,2013-01-21,132.21,139.95,57.95,57.95,20.0,20.0,2.4,121.19250000000002
369,2013-01-28,132.95,140.77,57.95,57.95,20.0,20.0,2.4,121.87083333333334
370,2013-02-04,134.38,141.91,57.95,57.95,20.0,20.0,2.5,118.25440000000002
371,2013-02-11,135.56,143.03,57.95,57.95,20.0,20.0,2.5,119.29280000000001
372,2013-02-18,136.86,144.17,57.95,57.95,20.0,20.0,2.5,120.43680000000003
373,2013-02-25,138.5,145.55,57.95,57.95,20.0,20.0,2.5,121.88000000000001
374,2013-03-04,139.47,146.34,57.95,57.95,20.0,20.0,2.5,122.73360000000001
375,2013-03-11,140.0,146.71,57.95,57.95,20.0,20.0,2.5,123.20000000000002
376,2013-03-18,137.58,144.84,57.95,57.95,20.0,20.0,2.5,121.07040000000002
377,2013-03-25,137.09,144.33,57.95,57.95,20.0,20.0,2.5,120.63920000000002
378,2013-04-01,137.3,143.51,57.95,57.95,20.0,20.0,2.2,137.3
379,2013-04-08,137.31,143.13,57.95,57.95,20.0,20.0,2.2,137.31
380,2013-04-15,137.11,141.67,57.95,57.95,20.0,20.0,2.2,137.11
381,2013-04-22,135.68,140.64,57.95,57.95,20.0,20.0,2.2,135.68
382,2013-04-29,134.66,139.59,57.95,57.95,20.0,20.0,2.2,134.66
383,2013-05-06,133.42,138.54,57.95,57.95,20.0,20.0,2.4,122.30166666666666
384,2013-05-13,133.12,138.27,57.95,57.95,20.0,20.0,2.4,122.02666666666669
385,2013-05-20,133.17,138.42,57.95,57.95,20.0,20.0,2.4,122.0725
386,2013-05-27,133.64,138.82,57.95,57.95,20.0,20.0,2.4,122.50333333333333
387,2013-06-03,134.04,139.17,57.95,57.95,20.0,20.0,2.6,113.41846153846153
388,2013-06-10,134.3,139.43,57.95,57.95,20.0,20.0,2.6,113.63846153846154
389,2013-06-17,134.46,139.54,57.95,57.95,20.0,20.0,2.6,113.77384615384616
390,2013-06-24,134.52,139.64,57.95,57.95,20.0,20.0,2.6,113.8246153846154
391,2013-07-01,133.44,138.51,57.95,57.95,20.0,20.0,2.5,117.42720000000001
392,2013-07-08,133.77,138.73,57.95,57.95,20.0,20.0,2.5,117.71760000000002
393,2013-07-15,134.95,139.84,57.95,57.95,20.0,20.0,2.5,118.756
394,2013-07-22,136.04,140.72,57.95,57.95,20.0,20.0,2.5,119.71520000000001
395,2013-07-29,136.87,141.44,57.95,57.95,20.0,20.0,2.5,120.44560000000001
396,2013-08-05,137.02,141.67,57.95,57.95,20.0,20.0,2.4,125.60166666666669
397,2013-08-12,137.13,141.82,57.95,57.95,20.0,20.0,2.4,125.7025
398,2013-08-19,137.0,141.73,57.95,57.95,20.0,20.0,2.4,125.58333333333334
399,2013-08-28,136.83,141.78,57.95,57.95,20.0,20.0,2.4,125.42750000000002
400,2013-09-02,137.14,142.09,57.95,57.95,20.0,20.0,2.4,125.71166666666666
401,2013-09-09,137.6,142.67,57.95,57.95,20.0,20.0,2.4,126.13333333333334
402,2013-09-16,137.47,142.52,57.95,57.95,20.0,20.0,2.4,126.01416666666668
403,2013-09-23,136.95,142.09,57.95,57.95,20.0,20.0,2.4,125.5375
404,2013-09-30,133.4,140.19,57.95,57.95,20.0,20.0,2.4,122.28333333333335
405,2013-10-07,131.62,138.83,57.95,57.95,20.0,20.0,2.0,144.782
406,2013-10-14,131.67,139.15,57.95,57.95,20.0,20.0,2.0,144.837
407,2013-10-21,131.53,138.99,57.95,57.95,20.0,20.0,2.0,144.68300000000002
408,2013-10-28,131.42,138.88,57.95,57.95,20.0,20.0,2.0,144.562
409,2013-11-04,129.92,137.51,57.95,57.95,20.0,20.0,1.9,150.4336842105263
410,2013-11-11,129.71,137.32,57.95,57.95,20.0,20.0,1.9,150.1905263157895
411,2013-11-18,129.89,137.47,57.95,57.95,20.0,20.0,1.9,150.39894736842103
412,2013-11-25,130.03,137.72,57.95,57.95,20.0,20.0,1.9,150.56105263157895
413,2013-12-02,130.25,137.9,57.95,57.95,20.0,20.0,1.9,150.81578947368422
414,2013-12-09,130.76,138.55,57.95,57.95,20.0,20.0,1.9,151.40631578947367
415,2013-12-16,130.96,138.84,57.95,57.95,20.0,20.0,1.9,151.63789473684213
416,2013-12-23,130.05,138.17,57.95,57.95,20.0,20.0,1.9,150.58421052631581
417,2013-12-30,130.03,137.98,57.95,57.95,20.0,20.0,1.9,150.56105263157895
418,2014-01-06,130.26,138.11,57.95,57.95,20.0,20.0,1.8,159.20666666666668
419,2014-01-13,130.36,138.34,57.95,57.95,20.0,20.0,1.8,159.3288888888889
420,2014-01-20,129.37,137.23,57.95,57.95,20.0,20.0,1.8,158.1188888888889
421,2014-01-27,129.02,136.94,57.95,57.95,20.0,20.0,1.8,157.69111111111113
422,2014-02-03,128.85,136.84,57.95,57.95,20.0,20.0,1.6,177.16875
423,2014-02-10,128.81,136.84,57.95,57.95,20.0,20.0,1.6,177.11375
424,2014-02-17,129.16,136.81,57.95,57.95,20.0,20.0,1.6,177.595
425,2014-02-24,129.2,136.95,57.95,57.95,20.0,20.0,1.6,177.64999999999998
426,2014-03-03,129.36,137.15,57.95,57.95,20.0,20.0,1.5,189.72800000000004
427,2014-03-10,129.39,137.08,57.95,57.95,20.0,20.0,1.5,189.772
428,2014-03-17,128.76,136.27,57.95,57.95,20.0,20.0,1.5,188.848
429,2014-03-24,128.57,136.0,57.95,57.95,20.0,20.0,1.5,188.56933333333333
430,2014-03-31,128.76,135.89,57.95,57.95,20.0,20.0,1.5,188.848
431,2014-04-07,128.71,136.01,57.95,57.95,20.0,20.0,1.7,166.5658823529412
432,2014-04-14,128.89,136.05,57.95,57.95,20.0,20.0,1.7,166.79882352941175
433,2014-04-21,129.11,136.12,57.95,57.95,20.0,20.0,1.7,167.08352941176474
434,2014-04-28,129.09,135.93,57.95,57.95,20.0,20.0,1.7,167.05764705882353
435,2014-05-05,129.27,136.16,57.95,57.95,20.0,20.0,1.5,189.59600000000003
436,2014-05-12,129.5,136.37,57.95,57.95,20.0,20.0,1.5,189.93333333333334
437,2014-05-19,129.42,136.17,57.95,57.95,20.0,20.0,1.5,189.816
438,2014-05-26,129.51,136.36,57.95,57.95,20.0,20.0,1.5,189.948
439,2014-06-02,129.63,136.38,57.95,57.95,20.0,20.0,1.8,158.43666666666667
440,2014-06-09,129.69,136.04,57.95,57.95,20.0,20.0,1.8,158.51000000000002
441,2014-06-16,129.88,135.54,57.95,57.95,20.0,20.0,1.8,158.74222222222224
442,2014-06-23,130.14,135.5,57.95,57.95,20.0,20.0,1.8,159.06
443,2014-06-30,130.69,136.04,57.95,57.95,20.0,20.0,1.8,159.73222222222222
444,2014-07-07,131.1,136.22,57.95,57.95,20.0,20.0,1.6,180.2625
445,2014-07-14,131.11,136.17,57.95,57.95,20.0,20.0,1.6,180.27625
446,2014-07-21,131.04,135.69,57.95,57.95,20.0,20.0,1.6,180.17999999999998
447,2014-07-28,130.83,135.5,57.95,57.95,20.0,20.0,1.6,179.89125
448,2014-08-04,129.63,134.31,57.95,57.95,20.0,20.0,1.5,190.124
449,2014-08-11,129.41,133.85,57.95,57.95,20.0,20.0,1.5,189.80133333333333
450,2014-08-18,129.29,133.74,57.95,57.95,20.0,20.0,1.5,189.62533333333334
451,2014-08-25,128.34,133.16,57.95,57.95,20.0,20.0,1.5,188.23200000000003
452,2014-09-01,128.01,132.77,57.95,57.95,20.0,20.0,1.3,216.63230769230768
453,2014-09-08,128.34,133.09,57.95,57.95,20.0,20.0,1.3,217.19076923076923
454,2014-09-15,128.43,133.13,57.95,57.95,20.0,20.0,1.3,217.34307692307692
455,2014-09-22,128.62,133.32,57.95,57.95,20.0,20.0,1.3,217.6646153846154
456,2014-09-29,128.59,133.23,57.95,57.95,20.0,20.0,1.3,217.61384615384617
457,2014-10-06,126.78,131.43,57.95,57.95,20.0,20.0,1.3,214.55076923076922
458,2014-10-13,126.5,131.08,57.95,57.95,20.0,20.0,1.3,214.07692307692307
459,2014-10-20,125.4,130.0,57.95,57.95,20.0,20.0,1.3,212.21538461538464
460,2014-10-27,125.11,129.72,57.95,57.95,20.0,20.0,1.3,211.7246153846154
461,2014-11-03,123.94,128.56,57.95,57.95,20.0,20.0,1.1,247.88
462,2014-11-10,122.94,127.59,57.95,57.95,20.0,20.0,1.1,245.88
463,2014-11-17,122.5,127.31,57.95,57.95,20.0,20.0,1.1,245.0
464,2014-11-24,122.29,127.17,57.95,57.95,20.0,20.0,1.1,244.58
465,2014-12-01,121.18,126.11,57.95,57.95,20.0,20.0,0.7,380.85142857142864
466,2014-12-08,119.83,124.79,57.95,57.95,20.0,20.0,0.7,376.60857142857145
467,2014-12-15,116.3,122.43,57.95,57.95,20.0,20.0,0.7,365.51428571428573
468,2014-12-22,113.66,120.81,57.95,57.95,20.0,20.0,0.7,357.2171428571429
469,2014-12-29,113.16,120.36,57.95,57.95,20.0,20.0,0.7,355.6457142857143
470,2015-01-05,111.06,117.93,57.95,57.95,20.0,20.0,0.5,488.66400000000004
471,2015-01-12,108.87,116.22,57.95,57.95,20.0,20.0,0.5,479.0280000000001
472,2015-01-19,106.83,114.33,57.95,57.95,20.0,20.0,0.5,470.052
473,2015-01-26,106.32,113.76,57.95,57.95,20.0,20.0,0.5,467.808
474,2015-02-02,106.04,113.61,57.95,57.95,20.0,20.0,0.4,583.22
475,2015-02-09,106.35,113.91,57.95,57.95,20.0,20.0,0.4,584.925
476,2015-02-16,107.26,114.73,57.95,57.95,20.0,20.0,0.4,589.9300000000001
477,2015-02-23,108.34,115.74,57.95,57.95,20.0,20.0,0.4,595.87
478,2015-03-02,109.2,116.64,57.95,57.95,20.0,20.0,0.3,800.8000000000001
479,2015-03-09,110.07,117.51,57.95,57.95,20.0,20.0,0.3,807.1800000000001
480,2015-03-16,111.04,118.26,57.95,57.95,20.0,20.0,0.3,814.2933333333334
481,2015-03-23,111.65,118.71,57.95,57.95,20.0,20.0,0.3,818.7666666666668
482,2015-03-30,112.06,118.97,57.95,57.95,20.0,20.0,0.3,821.7733333333334
483,2015-04-06,112.37,119.09,57.95,57.95,20.0,20.0,0.3,824.0466666666667
484,2015-04-13,112.52,119.15,57.95,57.95,20.0,20.0,0.3,825.1466666666668
485,2015-04-20,112.87,119.14,57.95,57.95,20.0,20.0,0.3,827.7133333333335
486,2015-04-27,113.55,119.58,57.95,57.95,20.0,20.0,0.3,832.7
487,2015-05-04,114.27,120.0,57.95,57.95,20.0,20.0,0.4,628.485
488,2015-05-11,115.1,120.59,57.95,57.95,20.0,20.0,0.4,633.05
489,2015-05-18,115.74,121.04,57.95,57.95,20.0,20.0,0.4,636.5699999999999
490,2015-05-25,116.02,121.32,57.95,57.95,20.0,20.0,0.4,638.11
491,2015-06-01,116.13,121.3,57.95,57.95,20.0,20.0,0.3,851.62
492,2015-06-08,116.26,121.34,57.95,57.95,20.0,20.0,0.3,852.5733333333335
493,2015-06-15,116.39,121.3,57.95,57.95,20.0,20.0,0.3,853.5266666666668
494,2015-06-22,116.6,121.21,57.95,57.95,20.0,20.0,0.3,855.0666666666667
495,2015-06-29,116.55,120.99,57.95,57.95,20.0,20.0,0.3,854.7
496,2015-07-06,116.34,120.76,57.95,57.95,20.0,20.0,0.5,511.8960000000001
497,2015-07-13,116.41,118.83,57.95,57.95,20.0,20.0,0.5,512.2040000000001
498,2015-07-20,116.79,118.43,57.95,57.95,20.0,20.0,0.5,513.8760000000001
499,2015-07-27,116.44,116.95,57.95,57.95,20.0,20.0,0.5,512.336
500,2015-08-03,116.12,115.17,57.95,57.95,20.0,20.0,0.4,638.6600000000001
501,2015-08-10,115.48,114.2,57.95,57.95,20.0,20.0,0.4,635.14
502,2015-08-17,114.58,112.05,57.95,57.95,20.0,20.0,0.4,630.1899999999999
503,2015-08-24,113.23,111.05,57.95,57.95,20.0,20.0,0.4,622.765
504,2015-08-31,111.21,109.92,57.95,57.95,20.0,20.0,0.4,611.655
505,2015-09-07,110.9,109.78,57.95,57.95,20.0,20.0,0.2,1219.9
506,2015-09-14,110.6,109.95,57.95,57.95,20.0,20.0,0.2,1216.6
507,2015-09-21,110.61,110.52,57.95,57.95,20.0,20.0,0.2,1216.71
508,2015-09-28,109.47,110.45,57.95,57.95,20.0,20.0,0.2,1204.17
509,2015-10-05,108.94,110.57,57.95,57.95,20.0,20.0,0.2,1198.34
510,2015-10-12,108.97,110.78,57.95,57.95,20.0,20.0,0.2,1198.67
511,2015-10-19,109.01,111.17,57.95,57.95,20.0,20.0,0.2,1199.1100000000001
512,2015-10-26,108.04,110.61,57.95,57.95,20.0,20.0,0.2,1188.44
513,2015-11-02,107.21,110.14,57.95,57.95,20.0,20.0,0.4,589.655
514,2015-11-09,107.14,110.08,57.95,57.95,20.0,20.0,0.4,589.27
515,2015-11-16,107.36,110.32,57.95,57.95,20.0,20.0,0.4,590.48
516,2015-11-23,107.29,110.27,57.95,57.95,20.0,20.0,0.4,590.095
517,2015-11-30,106.97,110.01,57.95,57.95,20.0,20.0,0.4,588.335
518,2015-12-07,106.75,109.92,57.95,57.95,20.0,20.0,0.5,469.70000000000005
519,2015-12-14,104.0,108.07,57.95,57.95,20.0,20.0,0.5,457.6
520,2015-12-21,102.33,107.04,57.95,57.95,20.0,20.0,0.5,450.252
521,2015-12-28,102.11,106.43,57.95,57.95,20.0,20.0,0.5,449.28400000000005
522,2016-01-04,102.0,106.32,57.95,57.95,20.0,20.0,0.6,374.00000000000006
523,2016-01-11,101.89,103.41,57.95,57.95,20.0,20.0,0.6,373.5966666666667
524,2016-01-18,101.8,102.81,57.95,57.95,20.0,20.0,0.6,373.2666666666667
525,2016-01-25,101.42,101.54,57.95,57.95,20.0,20.0,0.6,371.8733333333334
526,2016-02-01,101.36,100.84,57.95,57.95,20.0,20.0,0.6,371.65333333333336
527,2016-02-08,101.51,101.14,57.95,57.95,20.0,20.0,0.6,372.2033333333334
528,2016-02-15,101.45,101.21,57.95,57.95,20.0,20.0,0.6,371.98333333333335
529,2016-02-22,101.39,101.13,57.95,57.95,20.0,20.0,0.6,371.7633333333334
530,2016-02-29,101.42,101.38,57.95,57.95,20.0,20.0,0.6,371.8733333333334
531,2016-03-07,101.46,101.67,57.95,57.95,20.0,20.0,0.8,279.015
532,2016-03-14,101.71,102.52,57.95,57.95,20.0,20.0,0.8,279.7025
533,2016-03-21,102.58,103.64,57.95,57.95,20.0,20.0,0.8,282.09499999999997
534,2016-03-28,103.4,104.4,57.95,57.95,20.0,20.0,0.8,284.35
535,2016-04-04,104.51,105.32,57.95,57.95,20.0,20.0,0.7,328.46000000000004
536,2016-04-11,105.39,105.98,57.95,57.95,20.0,20.0,0.7,331.22571428571433
537,2016-04-18,106.41,106.97,57.95,57.95,20.0,20.0,0.7,334.4314285714286
538,2016-04-25,107.14,107.67,57.95,57.95,20.0,20.0,0.7,336.72571428571433
539,2016-05-02,107.82,108.58,57.95,57.95,20.0,20.0,0.7,338.86285714285714
540,2016-05-09,108.19,109.0,57.95,57.95,20.0,20.0,0.7,340.02571428571434
541,2016-05-16,108.53,109.3,57.95,57.95,20.0,20.0,0.7,341.0942857142858
542,2016-05-23,109.12,109.9,57.95,57.95,20.0,20.0,0.7,342.9485714285715
543,2016-05-30,109.79,110.7,57.95,57.95,20.0,20.0,0.7,345.05428571428575
544,2016-06-06,110.4,111.43,57.95,57.95,20.0,20.0,0.8,303.6
545,2016-06-13,111.03,111.99,57.95,57.95,20.0,20.0,0.8,305.3325
546,2016-06-20,111.22,112.31,57.95,57.95,20.0,20.0,0.8,305.855
547,2016-06-27,111.44,112.56,57.95,57.95,20.0,20.0,0.8,306.46
548,2016-07-04,111.65,112.86,57.95,57.95,20.0,20.0,0.9,272.9222222222223
549,2016-07-11,111.89,113.09,57.95,57.95,20.0,20.0,0.9,273.5088888888889
550,2016-07-18,111.92,113.0,57.95,57.95,20.0,20.0,0.9,273.58222222222224
551,2016-07-25,111.69,112.89,57.95,57.95,20.0,20.0,0.9,273.02000000000004
552,2016-08-01,111.05,112.43,57.95,57.95,20.0,20.0,1.0,244.31
553,2016-08-08,109.75,111.4,57.95,57.95,20.0,20.0,1.0,241.45000000000002
554,2016-08-15,109.28,111.02,57.95,57.95,20.0,20.0,1.0,240.41600000000003
555,2016-08-22,109.63,111.71,57.95,57.95,20.0,20.0,1.0,241.186
556,2016-08-29,110.43,112.55,57.95,57.95,20.0,20.0,1.0,242.94600000000003
557,2016-09-05,110.97,113.1,57.95,57.95,20.0,20.0,1.3,187.79538461538462
558,2016-09-12,111.31,113.42,57.95,57.95,20.0,20.0,1.3,188.37076923076924
559,2016-09-19,111.29,113.23,57.95,57.95,20.0,20.0,1.3,188.33692307692309
560,2016-09-26,111.36,113.38,57.95,57.95,20.0,20.0,1.3,188.45538461538462
561,2016-10-03,111.65,113.71,57.95,57.95,20.0,20.0,1.3,188.94615384615386
562,2016-10-10,112.35,114.4,57.95,57.95,20.0,20.0,1.3,190.13076923076923
563,2016-10-17,113.72,116.0,57.95,57.95,20.0,20.0,1.3,192.44923076923075
564,2016-10-24,115.2,117.7,57.95,57.95,20.0,20.0,1.3,194.95384615384614
565,2016-10-31,116.02,118.42,57.95,57.95,20.0,20.0,1.3,196.34153846153845
566,2016-11-07,116.56,119.03,57.95,57.95,20.0,20.0,1.5,170.9546666666667
567,2016-11-14,116.5,118.82,57.95,57.95,20.0,20.0,1.5,170.86666666666667
568,2016-11-21,114.71,117.42,57.95,57.95,20.0,20.0,1.5,168.24133333333333
569,2016-11-28,113.72,116.57,57.95,57.95,20.0,20.0,1.5,166.78933333333333
570,2016-12-05,113.66,116.75,57.95,57.95,20.0,20.0,1.8,138.9177777777778
571,2016-12-12,114.23,117.51,57.95,57.95,20.0,20.0,1.8,139.61444444444447
572,2016-12-19,115.0,118.61,57.95,57.95,20.0,20.0,1.8,140.55555555555557
573,2016-12-26,115.45,119.03,57.95,57.95,20.0,20.0,1.8,141.10555555555558
574,2017-01-02,117.0,120.03,57.95,57.95,20.0,20.0,1.9,135.47368421052633
575,2017-01-09,117.98,121.3,57.95,57.95,20.0,20.0,1.9,136.6084210526316
576,2017-01-16,118.63,122.1,57.95,57.95,20.0,20.0,1.9,137.36105263157896
577,2017-01-23,119.43,122.75,57.95,57.95,20.0,20.0,1.9,138.28736842105263
578,2017-01-30,120.01,123.19,57.95,57.95,20.0,20.0,1.9,138.95894736842106
579,2017-02-06,120.18,123.25,57.95,57.95,20.0,20.0,2.3,114.95478260869568
580,2017-02-13,120.15,123.17,57.95,57.95,20.0,20.0,2.3,114.92608695652176
581,2017-02-20,120.2,123.15,57.95,57.95,20.0,20.0,2.3,114.97391304347828
582,2017-02-27,120.12,123.06,57.95,57.95,20.0,20.0,2.3,114.89739130434785
583,2017-03-06,120.02,122.9,57.95,57.95,20.0,20.0,2.3,114.8017391304348
584,2017-03-13,119.8,122.77,57.95,57.95,20.0,20.0,2.3,114.5913043478261
585,2017-03-20,118.95,121.84,57.95,57.95,20.0,20.0,2.3,113.77826086956523
586,2017-03-27,118.03,121.08,57.95,57.95,20.0,20.0,2.3,112.89826086956523
587,2017-04-03,116.93,119.92,57.95,57.95,20.0,20.0,2.6,98.94076923076923
588,2017-04-10,117.02,119.98,57.95,57.95,20.0,20.0,2.6,99.01692307692308
589,2017-04-17,117.54,120.36,57.95,57.95,20.0,20.0,2.6,99.45692307692308
590,2017-04-24,118.15,120.77,57.95,57.95,20.0,20.0,2.6,99.97307692307693
591,2017-05-01,118.08,120.78,57.95,57.95,20.0,20.0,2.7,96.21333333333334
592,2017-05-08,117.06,119.34,57.95,57.95,20.0,20.0,2.7,95.38222222222223
593,2017-05-15,115.6,117.65,57.95,57.95,20.0,20.0,2.7,94.19259259259259
594,2017-05-22,115.67,117.76,57.95,57.95,20.0,20.0,2.7,94.24962962962964
595,2017-05-29,115.79,117.88,57.95,57.95,20.0,20.0,2.7,94.34740740740742
596,2017-06-05,115.82,117.95,57.95,57.95,20.0,20.0,2.6,98.00153846153846
597,2017-06-12,115.69,117.76,57.95,57.95,20.0,20.0,2.6,97.89153846153846
598,2017-06-19,115.12,117.18,57.95,57.95,20.0,20.0,2.6,97.40923076923077
599,2017-06-26,114.43,116.26,57.95,57.95,20.0,20.0,2.6,96.82538461538462
600,2017-07-03,113.74,115.63,57.95,57.95,20.0,20.0,2.6,96.24153846153845
601,2017-07-10,113.58,115.29,57.95,57.95,20.0,20.0,2.6,96.10615384615384
602,2017-07-17,113.89,115.58,57.95,57.95,20.0,20.0,2.6,96.36846153846153
603,2017-07-24,113.99,115.73,57.95,57.95,20.0,20.0,2.6,96.45307692307692
604,2017-07-31,114.16,115.99,57.95,57.95,20.0,20.0,2.6,96.59692307692308
605,2017-08-07,114.78,116.64,57.95,57.95,20.0,20.0,2.7,93.52444444444446
606,2017-08-14,115.53,117.43,57.95,57.95,20.0,20.0,2.7,94.13555555555557
607,2017-08-21,116.04,118.05,57.95,57.95,20.0,20.0,2.7,94.55111111111113
608,2017-08-28,116.4,118.24,57.95,57.95,20.0,20.0,2.7,94.84444444444446
609,2017-09-04,116.95,118.77,57.95,57.95,20.0,20.0,2.8,91.88928571428573
610,2017-09-11,118.14,119.94,57.95,57.95,20.0,20.0,2.8,92.82428571428572
611,2017-09-18,118.85,120.59,57.95,57.95,20.0,20.0,2.8,93.38214285714287
612,2017-09-25,118.87,120.92,57.95,57.95,20.0,20.0,2.8,93.39785714285716
613,2017-10-02,118.13,120.37,57.95,57.95,20.0,20.0,2.8,92.81642857142857
614,2017-10-09,117.16,120.51,57.95,57.95,20.0,20.0,2.8,92.05428571428573
615,2017-10-16,117.01,120.42,57.95,57.95,20.0,20.0,2.8,91.93642857142859
616,2017-10-23,117.04,120.65,57.95,57.95,20.0,20.0,2.8,91.96000000000002
617,2017-10-30,117.06,120.63,57.95,57.95,20.0,20.0,2.8,91.9757142857143
618,2017-11-06,117.57,121.27,57.95,57.95,20.0,20.0,2.8,92.37642857142858
619,2017-11-13,118.91,122.69,57.95,57.95,20.0,20.0,2.8,93.42928571428573
620,2017-11-20,119.67,123.32,57.95,57.95,20.0,20.0,2.8,94.02642857142858
621,2017-11-27,120.13,123.79,57.95,57.95,20.0,20.0,2.8,94.38785714285716
622,2017-12-04,119.75,123.21,57.95,57.95,20.0,20.0,2.7,97.57407407407408
623,2017-12-11,119.91,123.69,57.95,57.95,20.0,20.0,2.7,97.70444444444445
624,2017-12-18,119.98,123.81,57.95,57.95,20.0,20.0,2.7,97.7614814814815
625,2017-12-25,120.0,123.43,57.95,57.95,20.0,20.0,2.7,97.77777777777779
626,2018-01-01,120.19,123.51,57.95,57.95,20.0,20.0,2.7,97.9325925925926
627,2018-01-08,120.52,123.97,57.95,57.95,20.0,20.0,2.7,98.20148148148148
628,2018-01-15,120.96,124.58,57.95,57.95,20.0,20.0,2.7,98.56
629,2018-01-22,121.5,125.07,57.95,57.95,20.0,20.0,2.7,99.00000000000001
630,2018-01-29,121.69,125.32,57.95,57.95,20.0,20.0,2.7,99.15481481481483
631,2018-02-05,121.73,125.36,57.95,57.95,20.0,20.0,2.5,107.12240000000001
632,2018-02-12,121.58,125.02,57.95,57.95,20.0,20.0,2.5,106.99040000000001
633,2018-02-19,120.52,124.18,57.95,57.95,20.0,20.0,2.5,106.05760000000001
634,2018-02-26,119.55,123.09,57.95,57.95,20.0,20.0,2.5,105.20400000000001
635,2018-03-05,119.29,122.92,57.95,57.95,20.0,20.0,2.3,114.1034782608696
636,2018-03-12,119.11,122.96,57.95,57.95,20.0,20.0,2.3,113.9313043478261
637,2018-03-19,119.17,122.84,57.95,57.95,20.0,20.0,2.3,113.98869565217393
638,2018-03-26,119.23,122.9,57.95,57.95,20.0,20.0,2.3,114.04608695652176
639,2018-04-02,119.43,123.05,57.95,57.95,20.0,20.0,2.2,119.43
640,2018-04-09,119.96,123.58,57.95,57.95,20.0,20.0,2.2,119.96
641,2018-04-16,120.56,124.29,57.95,57.95,20.0,20.0,2.2,120.56
642,2018-04-23,121.44,125.39,57.95,57.95,20.0,20.0,2.2,121.44
643,2018-04-30,122.22,126.01,57.95,57.95,20.0,20.0,2.2,122.22
644,2018-05-07,123.27,126.99,57.95,57.95,20.0,20.0,2.3,117.9104347826087
645,2018-05-14,124.32,128.28,57.95,57.95,20.0,20.0,2.3,118.91478260869566
646,2018-05-21,125.93,130.04,57.95,57.95,20.0,20.0,2.3,120.45478260869568
647,2018-05-28,127.58,131.66,57.95,57.95,20.0,20.0,2.3,122.03304347826088
648,2018-06-04,128.43,132.34,57.95,57.95,20.0,20.0,2.3,122.84608695652176
649,2018-06-11,128.61,132.62,57.95,57.95,20.0,20.0,2.3,123.01826086956525
650,2018-06-18,127.92,131.98,57.95,57.95,20.0,20.0,2.3,122.35826086956524
651,2018-06-25,127.18,131.27,57.95,57.95,20.0,20.0,2.3,121.65043478260873
652,2018-07-02,126.54,130.83,57.95,57.95,20.0,20.0,2.3,121.03826086956524
653,2018-07-09,126.97,131.53,57.95,57.95,20.0,20.0,2.3,121.44956521739132
654,2018-07-16,127.47,131.85,57.95,57.95,20.0,20.0,2.3,121.92782608695654
655,2018-07-23,127.5,131.9,57.95,57.95,20.0,20.0,2.3,121.95652173913045
656,2018-07-30,127.54,131.94,57.95,57.95,20.0,20.0,2.3,121.99478260869567
657,2018-08-06,128.02,132.39,57.95,57.95,20.0,20.0,2.4,117.35166666666669
658,2018-08-13,128.39,132.56,57.95,57.95,20.0,20.0,2.4,117.69083333333333
659,2018-08-20,128.79,132.97,57.95,57.95,20.0,20.0,2.4,118.0575
660,2018-08-27,129.18,133.2,57.95,57.95,20.0,20.0,2.4,118.41500000000002
661,2018-09-03,129.76,133.67,57.95,57.95,20.0,20.0,2.2,129.76
662,2018-09-10,130.24,134.31,57.95,57.95,20.0,20.0,2.2,130.24
663,2018-09-17,130.59,134.57,57.95,57.95,20.0,20.0,2.2,130.59
664,2018-09-24,130.59,134.77,57.95,57.95,20.0,20.0,2.2,130.59
665,2018-10-01,129.98,134.86,57.95,57.95,20.0,20.0,2.2,129.98
666,2018-10-08,130.15,135.53,57.95,57.95,20.0,20.0,2.2,130.15
667,2018-10-15,130.81,136.63,57.95,57.95,20.0,20.0,2.2,130.81
668,2018-10-22,130.98,136.93,57.95,57.95,20.0,20.0,2.2,130.98
669,2018-10-29,130.64,136.99,57.95,57.95,20.0,20.0,2.2,130.64
